{
  "blogs": [
    {
      "id": "62bd7ab2de5495e7ef2dd2cd",
      "by": "admin",
      "title": "reprehenderit non esse anim laboris reprehenderit officia",
      "article": "irure laborum qui deserunt excepteur id ad sit quis laboris duis ut cillum eiusmod non sint exercitation nulla tempor nostrud eiusmod commodo mollit magna sint laboris excepteur elit cupidatat id",
      "picture": "blog-img-1.jpg",
      "comments_length": 6
    },
    {
      "id": "62bd7ab283077573adcca363",
      "by": "admin",
      "title": "aliquip duis nostrud ex cillum laborum adipisicing",
      "article": "adipisicing dolor esse voluptate occaecat laborum fugiat adipisicing laboris id cupidatat deserunt exercitation et velit consectetur eiusmod pariatur ullamco enim ut nulla qui minim sunt minim amet non culpa aliqua",
      "picture": "blog-img-2.jpg",
      "comments_length": 8
    },
    {
      "id": "62bd7ab29e9c84cd731e3759",
      "by": "admin",
      "title": "consequat qui non irure mollit laboris id",
      "article": "incididunt nisi minim elit occaecat nostrud do non commodo commodo magna est et ex consequat amet fugiat aute magna reprehenderit consequat ut quis qui reprehenderit officia nostrud ex amet excepteur",
      "picture": "blog-img-3.jpg",
      "comments_length": 14
    },
    {
      "id": "62bd7ab27479861a15353602",
      "by": "admin",
      "title": "esse est in mollit nostrud adipisicing duis",
      "article": "veniam mollit cillum aliquip quis proident cupidatat aute do cupidatat magna non ea laborum pariatur dolor sit anim et duis duis ut cupidatat cillum consectetur pariatur tempor eiusmod ea eiusmod",
      "picture": "blog-img-4.jpg",
      "comments_length": 2
    },
    {
      "id": "62bd7ab2580273f8fdd55ba6",
      "by": "admin",
      "title": "eiusmod elit deserunt eiusmod ea velit quis",
      "article": "nisi anim culpa nisi ullamco est laborum reprehenderit proident ex anim quis adipisicing tempor officia nulla deserunt ex duis consequat laboris esse mollit ea excepteur ullamco deserunt elit cupidatat cillum",
      "picture": "blog-img-5.jpg",
      "comments_length": 20
    },
    {
      "id": "62bd7ab2a7903a05be388a60",
      "by": "admin",
      "title": "Lorem culpa qui proident est mollit officia",
      "article": "ut sit velit esse laborum ad dolor voluptate nostrud dolore labore ipsum voluptate labore mollit exercitation veniam pariatur ipsum eiusmod irure Lorem ad culpa commodo deserunt laborum eu voluptate sint",
      "picture": "blog-img-6.jpg",
      "comments_length": 10
    }
  ]
}
