{
  "products": [
    {
      "id": "62aefe9ad8b80d5234af625a",
      "image": "product-img-2.1.jpg",
      "brand": "xioami",
      "review": 3,
      "title": "Xoggle aute et pariatur",
      "offer_price": "BDT18.73",
      "price": "BDT27.27",
      "campaingn_product": false,
      "cam_product_available": null,
      "cam_product_sale": null,
      "product_type": null
    },
    {
      "id": "62aefe9a17780a9e549646c2",
      "image": "product-img-2.10.jpg",
      "brand": "apple",
      "review": 5,
      "title": "Geeky ipsum esse",
      "offer_price": "BDT17.79",
      "price": "BDT24.55",
      "campaingn_product": true,
      "cam_product_available": 20,
      "cam_product_sale": 10,
      "product_type": null
    },
    {
      "id": "62aefe9af9a0e865ee49c99e",
      "image": "product-img-2.3.jpg",
      "brand": "apple",
      "review": 5,
      "title": "Conjurica ea magna eiusmod",
      "offer_price": "BDT18.03",
      "price": "BDT32.63",
      "campaingn_product": false,
      "cam_product_available": null,
      "cam_product_sale": null,
      "product_type": "popular"
    },
    {
      "id": "62aefe9a6e662e77accd4cc4",
      "image": "product-img-2.4.jpg",
      "brand": "google",
      "review": 5,
      "title": "Senmei ipsum dolore",
      "offer_price": "BDT27.61",
      "price": "BDT20.64",
      "campaingn_product": true,
      "cam_product_available": 48,
      "cam_product_sale": 12,
      "product_type": null
    },
    {
      "id": "62aefe9a9e1c4b69e47fa40f",
      "image": "product-img-2.5.jpg",
      "brand": "xioami",
      "review": 5,
      "title": "Canopoly duis voluptate",
      "offer_price": "BDT10.42",
      "price": "BDT39.27",
      "campaingn_product": true,
      "cam_product_available": 12,
      "cam_product_sale": 8,
      "product_type": null
    },
    {
      "id": "62aefe9aa96283a41a9b46fc",
      "image": "product-img-2.6.jpg",
      "brand": "xioami",
      "review": 5,
      "title": "Unisure aliqua repreh",
      "offer_price": "BDT16.43",
      "price": "BDT36.90",
      "campaingn_product": false,
      "cam_product_available": null,
      "cam_product_sale": null,
      "product_type": null
    },
    {
      "id": "62aefe9aa2577bc8fa4ea7bc",
      "image": "product-img-2.7.jpg",
      "brand": "xioami",
      "review": 5,
      "title": "Kenegy consectetur id",
      "offer_price": "BDT11.92",
      "price": "BDT26.62",
      "campaingn_product": false,
      "cam_product_available": null,
      "cam_product_sale": null,
      "product_type": "new"
    },
    {
      "id": "62aefe9aa117932437d0da93",
      "image": "product-img-2.8.jpg",
      "brand": "samsung",
      "review": 5,
      "title": "Bizmatic consequat enim",
      "offer_price": "BDT21.93",
      "price": "BDT26.38",
      "campaingn_product": true,
      "cam_product_available": 19,
      "cam_product_sale": 10,
      "product_type": null
    },
    {
      "id": "62aefe9a93cc2c0e16ddb207",
      "image": "product-img-2.9.jpg",
      "brand": "apple",
      "review": 5,
      "title": "Anarco consectetur magna",
      "offer_price": "BDT22.13",
      "price": "BDT32.61",
      "campaingn_product": false,
      "cam_product_available": null,
      "cam_product_sale": null,
      "product_type": null
    },
    {
      "id": "62aefe9a39099843b144dc3a",
      "image": "product-img-2.10.jpg",
      "brand": "samsung",
      "review": 5,
      "title": "Plasto cillum ",
      "offer_price": "BDT26.50",
      "price": "BDT26.83",
      "campaingn_product": true,
      "cam_product_available": 19,
      "cam_product_sale": 10,
      "product_type": null
    },
    {
      "id": "62aefe9af9a0e865ee49c999999e",
      "image": "product-img-2.11.jpg",
      "brand": "apple",
      "review": 5,
      "title": "Conjurica ea magna",
      "offer_price": "BDT18.03",
      "price": "BDT32.63",
      "campaingn_product": false,
      "cam_product_available": null,
      "cam_product_sale": null,
      "product_type": "popular"
    },
    {
      "id": "62aefe9a9a52d2ee3301918a",
      "image": "product-img-2.1.jpg",
      "brand": "google",
      "review": 5,
      "title": "Empirica deserunt laborum",
      "offer_price": "BDT29.14",
      "price": "BDT26.87",
      "campaingn_product": true,
      "cam_product_available": 25,
      "cam_product_sale": 10,
      "product_type": null
    },
    {
      "id": "62aefe9ad1e0cfc12838c3c4",
      "image": "product-img-2.3.jpg",
      "brand": "google",
      "review": 5,
      "title": "Bluplanet consequat",
      "offer_price": "BDT25.32",
      "price": "BDT31.07",
      "campaingn_product": true,
      "cam_product_available": 16,
      "cam_product_sale": 9,
      "product_type": null
    },
    {
      "id": "62aefe9a05ca1ea50003e072",
      "image": "product-img-2.4.jpg",
      "brand": "google",
      "review": 5,
      "title": "Comvoy irure occaecat",
      "offer_price": "BDT18.97",
      "price": "BDT20.54",
      "campaingn_product": false,
      "cam_product_available": null,
      "cam_product_sale": null,
      "product_type": null
    },
    {
      "id": "62aefe9a369487a7db38e327",
      "image": "product-img-2.5.jpg",
      "brand": "xioami",
      "review": 5,
      "title": "Zizzle ad proident",
      "offer_price": "BDT14.15",
      "price": "BDT26.17",
      "campaingn_product": false,
      "cam_product_available": null,
      "cam_product_sale": null,
      "product_type": null
    },
    {
      "id": "62aefe9ab5a58ec7eba5e003",
      "image": "product-img-2.6.jpg",
      "brand": "xioami",
      "review": 5,
      "title": "Quintity consequat",
      "offer_price": "BDT11.37",
      "price": "BDT27.57",
      "campaingn_product": false,
      "cam_product_available": null,
      "cam_product_sale": null,
      "product_type": "popular"
    },
    {
      "id": "62aefe9acd2d5e4c13d5937c",
      "image": "product-img-2.7.jpg",
      "brand": "google",
      "review": 5,
      "title": "Musaphics consequat consectetur",
      "offer_price": "BDT10.99",
      "price": "BDT25.25",
      "campaingn_product": false,
      "cam_product_available": null,
      "cam_product_sale": null,
      "product_type": "new"
    },
    {
      "id": "62aefe9aa06338a7636fde5c",
      "image": "product-img-2.8.jpg",
      "brand": "xioami",
      "review": 5,
      "title": "Zoxy quis amet",
      "offer_price": "BDT25.53",
      "price": "BDT31.24",
      "campaingn_product": false,
      "cam_product_available": null,
      "cam_product_sale": null,
      "product_type": "popular"
    },
    {
      "id": "62aefe9ac47bcd0a2ea95630",
      "image": "product-img-2.9.jpg",
      "brand": "xioami",
      "review": 5,
      "title": "Geofarm nulla tempor",
      "offer_price": "BDT20.72",
      "price": "BDT22.97",
      "campaingn_product": true,
      "cam_product_available": 10,
      "cam_product_sale": 8,
      "product_type": null
    },
    {
      "id": "62aefe9ae487b5c3e1fff5ae",
      "image": "product-img-2.10.jpg",
      "brand": "xioami",
      "review": 5,
      "title": "Callflex dolore eiusmod",
      "offer_price": "BDT18.74",
      "price": "BDT34.99",
      "campaingn_product": true,
      "cam_product_available": 18,
      "cam_product_sale": 10,
      "product_type": null
    }
  ]
}
